relative_path,filename,extension,size_bytes
horizontal-misalignment/0.5mm/12.288.csv,12.288.csv,.csv,17122444
horizontal-misalignment/0.5mm/13.5168.csv,13.5168.csv,.csv,17467086
horizontal-misalignment/0.5mm/14.5408.csv,14.5408.csv,.csv,17523548
horizontal-misalignment/0.5mm/15.36.csv,15.36.csv,.csv,17560340
horizontal-misalignment/0.5mm/16.384.csv,16.384.csv,.csv,17495457
horizontal-misalignment/0.5mm/17.408.csv,17.408.csv,.csv,17347733
horizontal-misalignment/0.5mm/18.8416.csv,18.8416.csv,.csv,17523876
horizontal-misalignment/0.5mm/19.6608.csv,19.6608.csv,.csv,17481358
horizontal-misalignment/0.5mm/20.48.csv,20.48.csv,.csv,17500304
horizontal-misalignment/0.5mm/21.504.csv,21.504.csv,.csv,17538318
horizontal-misalignment/0.5mm/22.528.csv,22.528.csv,.csv,17492630
horizontal-misalignment/0.5mm/23.552.csv,23.552.csv,.csv,17477667
horizontal-misalignment/0.5mm/24.3712.csv,24.3712.csv,.csv,17390694
horizontal-misalignment/0.5mm/24.7808.csv,24.7808.csv,.csv,17521495
horizontal-misalignment/0.5mm/25.8048.csv,25.8048.csv,.csv,17480226
horizontal-misalignment/0.5mm/26.8288.csv,26.8288.csv,.csv,17465223
horizontal-misalignment/0.5mm/28.672.csv,28.672.csv,.csv,17431702
horizontal-misalignment/0.5mm/29.2864.csv,29.2864.csv,.csv,17280033
horizontal-misalignment/0.5mm/30.3104.csv,30.3104.csv,.csv,17263880
horizontal-misalignment/0.5mm/31.5392.csv,31.5392.csv,.csv,17426090
horizontal-misalignment/0.5mm/32.3584.csv,32.3584.csv,.csv,17411234
horizontal-misalignment/0.5mm/33.1776.csv,33.1776.csv,.csv,17460256
horizontal-misalignment/0.5mm/34.2016.csv,34.2016.csv,.csv,17394989
horizontal-misalignment/0.5mm/35.2256.csv,35.2256.csv,.csv,17445576
horizontal-misalignment/0.5mm/36.6592.csv,36.6592.csv,.csv,17460582
horizontal-misalignment/0.5mm/37.888.csv,37.888.csv,.csv,17448638
horizontal-misalignment/0.5mm/38.5024.csv,38.5024.csv,.csv,17419033
horizontal-misalignment/0.5mm/39.1168.csv,39.1168.csv,.csv,17390002
horizontal-misalignment/0.5mm/40.3456.csv,40.3456.csv,.csv,17339205
horizontal-misalignment/0.5mm/41.984.csv,41.984.csv,.csv,17428835
horizontal-misalignment/0.5mm/42.5984.csv,42.5984.csv,.csv,17433771
horizontal-misalignment/0.5mm/43.008.csv,43.008.csv,.csv,17410617
horizontal-misalignment/0.5mm/44.2368.csv,44.2368.csv,.csv,17417725
horizontal-misalignment/0.5mm/44.8512.csv,44.8512.csv,.csv,17414664
horizontal-misalignment/0.5mm/46.8992.csv,46.8992.csv,.csv,17395471
horizontal-misalignment/0.5mm/47.7184.csv,47.7184.csv,.csv,17413114
horizontal-misalignment/0.5mm/48.3328.csv,48.3328.csv,.csv,17392818
horizontal-misalignment/0.5mm/49.5616.csv,49.5616.csv,.csv,17444284
horizontal-misalignment/0.5mm/50.176.csv,50.176.csv,.csv,17382775
horizontal-misalignment/0.5mm/51.4048.csv,51.4048.csv,.csv,17367185
horizontal-misalignment/0.5mm/52.224.csv,52.224.csv,.csv,17354710
horizontal-misalignment/0.5mm/53.248.csv,53.248.csv,.csv,17311192
horizontal-misalignment/0.5mm/54.4768.csv,54.4768.csv,.csv,17307015
horizontal-misalignment/0.5mm/55.0912.csv,55.0912.csv,.csv,17292426
horizontal-misalignment/0.5mm/56.1152.csv,56.1152.csv,.csv,17294281
horizontal-misalignment/0.5mm/57.344.csv,57.344.csv,.csv,17289687
horizontal-misalignment/0.5mm/58.1632.csv,58.1632.csv,.csv,17284877
horizontal-misalignment/0.5mm/59.8016.csv,59.8016.csv,.csv,17143587
horizontal-misalignment/0.5mm/60.6208.csv,60.6208.csv,.csv,17183588
horizontal-misalignment/0.5mm/62.0544.csv,62.0544.csv,.csv,17279965
horizontal-misalignment/1.0mm/12.288.csv,12.288.csv,.csv,17290529
horizontal-misalignment/1.0mm/13.7216.csv,13.7216.csv,.csv,17591038
horizontal-misalignment/1.0mm/14.336.csv,14.336.csv,.csv,17537233
horizontal-misalignment/1.0mm/15.9744.csv,15.9744.csv,.csv,17473088
horizontal-misalignment/1.0mm/16.5888.csv,16.5888.csv,.csv,17541733
horizontal-misalignment/1.0mm/17.8176.csv,17.8176.csv,.csv,17593041
horizontal-misalignment/1.0mm/18.8416.csv,18.8416.csv,.csv,17526271
horizontal-misalignment/1.0mm/19.6608.csv,19.6608.csv,.csv,17559006
horizontal-misalignment/1.0mm/20.2752.csv,20.2752.csv,.csv,17531826
horizontal-misalignment/1.0mm/21.504.csv,21.504.csv,.csv,17577147
horizontal-misalignment/1.0mm/22.528.csv,22.528.csv,.csv,17540153
horizontal-misalignment/1.0mm/23.7568.csv,23.7568.csv,.csv,17380282
horizontal-misalignment/1.0mm/24.1664.csv,24.1664.csv,.csv,17425365
horizontal-misalignment/1.0mm/24.9856.csv,24.9856.csv,.csv,17549667
horizontal-misalignment/1.0mm/26.0096.csv,26.0096.csv,.csv,17517166
horizontal-misalignment/1.0mm/27.0336.csv,27.0336.csv,.csv,17472436
horizontal-misalignment/1.0mm/28.2624.csv,28.2624.csv,.csv,17463338
horizontal-misalignment/1.0mm/29.4912.csv,29.4912.csv,.csv,17318062
horizontal-misalignment/1.0mm/30.5152.csv,30.5152.csv,.csv,17368191
horizontal-misalignment/1.0mm/31.1296.csv,31.1296.csv,.csv,17462176
horizontal-misalignment/1.0mm/32.3584.csv,32.3584.csv,.csv,17461909
horizontal-misalignment/1.0mm/33.792.csv,33.792.csv,.csv,17443743
horizontal-misalignment/1.0mm/34.6112.csv,34.6112.csv,.csv,17448775
horizontal-misalignment/1.0mm/36.0448.csv,36.0448.csv,.csv,17459058
horizontal-misalignment/1.0mm/36.6592.csv,36.6592.csv,.csv,17473945
horizontal-misalignment/1.0mm/37.0688.csv,37.0688.csv,.csv,17455741
horizontal-misalignment/1.0mm/38.912.csv,38.912.csv,.csv,17413926
horizontal-misalignment/1.0mm/39.5264.csv,39.5264.csv,.csv,17386818
horizontal-misalignment/1.0mm/40.1408.csv,40.1408.csv,.csv,17306904
horizontal-misalignment/1.0mm/41.5744.csv,41.5744.csv,.csv,17435581
horizontal-misalignment/1.0mm/42.3936.csv,42.3936.csv,.csv,17425403
horizontal-misalignment/1.0mm/43.4176.csv,43.4176.csv,.csv,17405852
horizontal-misalignment/1.0mm/44.6464.csv,44.6464.csv,.csv,17413715
horizontal-misalignment/1.0mm/45.056.csv,45.056.csv,.csv,17410236
horizontal-misalignment/1.0mm/46.2848.csv,46.2848.csv,.csv,17373876
horizontal-misalignment/1.0mm/46.8992.csv,46.8992.csv,.csv,17385968
horizontal-misalignment/1.0mm/48.128.csv,48.128.csv,.csv,17370983
horizontal-misalignment/1.0mm/49.3568.csv,49.3568.csv,.csv,17356032
horizontal-misalignment/1.0mm/50.176.csv,50.176.csv,.csv,17327014
horizontal-misalignment/1.0mm/51.2.csv,51.2.csv,.csv,17314867
horizontal-misalignment/1.0mm/52.4288.csv,52.4288.csv,.csv,17302412
horizontal-misalignment/1.0mm/53.4528.csv,53.4528.csv,.csv,17247670
horizontal-misalignment/1.0mm/54.272.csv,54.272.csv,.csv,17270298
horizontal-misalignment/1.0mm/55.5008.csv,55.5008.csv,.csv,17239703
horizontal-misalignment/1.0mm/56.32.csv,56.32.csv,.csv,17276019
horizontal-misalignment/1.0mm/57.1392.csv,57.1392.csv,.csv,17273040
horizontal-misalignment/1.0mm/58.368.csv,58.368.csv,.csv,17259082
horizontal-misalignment/1.0mm/60.0064.csv,60.0064.csv,.csv,17270742
horizontal-misalignment/1.0mm/60.416.csv,60.416.csv,.csv,17142838
horizontal-misalignment/1.5mm/12.288.csv,12.288.csv,.csv,17602862
horizontal-misalignment/1.5mm/13.9264.csv,13.9264.csv,.csv,17504911
horizontal-misalignment/1.5mm/14.9504.csv,14.9504.csv,.csv,17534437
horizontal-misalignment/1.5mm/15.7696.csv,15.7696.csv,.csv,17500658
horizontal-misalignment/1.5mm/16.7936.csv,16.7936.csv,.csv,17505222
horizontal-misalignment/1.5mm/17.8176.csv,17.8176.csv,.csv,17503602
horizontal-misalignment/1.5mm/19.0464.csv,19.0464.csv,.csv,17434883
horizontal-misalignment/1.5mm/19.6608.csv,19.6608.csv,.csv,17496970
horizontal-misalignment/1.5mm/20.6848.csv,20.6848.csv,.csv,17563466
horizontal-misalignment/1.5mm/21.2992.csv,21.2992.csv,.csv,17409346
horizontal-misalignment/1.5mm/22.3232.csv,22.3232.csv,.csv,17562709
horizontal-misalignment/1.5mm/23.552.csv,23.552.csv,.csv,17486536
horizontal-misalignment/1.5mm/24.3712.csv,24.3712.csv,.csv,17482507
horizontal-misalignment/1.5mm/25.8048.csv,25.8048.csv,.csv,17532012
horizontal-misalignment/1.5mm/26.8288.csv,26.8288.csv,.csv,17480082
horizontal-misalignment/1.5mm/28.2624.csv,28.2624.csv,.csv,17451615
horizontal-misalignment/1.5mm/29.696.csv,29.696.csv,.csv,17196023
horizontal-misalignment/1.5mm/30.5152.csv,30.5152.csv,.csv,17312918
horizontal-misalignment/1.5mm/31.744.csv,31.744.csv,.csv,17462961
horizontal-misalignment/1.5mm/32.768.csv,32.768.csv,.csv,17472684
horizontal-misalignment/1.5mm/33.9968.csv,33.9968.csv,.csv,17430831
horizontal-misalignment/1.5mm/34.4064.csv,34.4064.csv,.csv,17385400
horizontal-misalignment/1.5mm/35.2256.csv,35.2256.csv,.csv,17464516
horizontal-misalignment/1.5mm/36.0448.csv,36.0448.csv,.csv,17485079
horizontal-misalignment/1.5mm/37.2736.csv,37.2736.csv,.csv,17444094
horizontal-misalignment/1.5mm/38.7072.csv,38.7072.csv,.csv,17429337
horizontal-misalignment/1.5mm/39.7312.csv,39.7312.csv,.csv,17231598
horizontal-misalignment/1.5mm/40.5504.csv,40.5504.csv,.csv,17330455
horizontal-misalignment/1.5mm/41.3696.csv,41.3696.csv,.csv,17408185
horizontal-misalignment/1.5mm/42.3936.csv,42.3936.csv,.csv,17439757
horizontal-misalignment/1.5mm/43.6224.csv,43.6224.csv,.csv,17448334
horizontal-misalignment/1.5mm/44.2368.csv,44.2368.csv,.csv,17438772
horizontal-misalignment/1.5mm/45.4656.csv,45.4656.csv,.csv,17425006
horizontal-misalignment/1.5mm/46.6944.csv,46.6944.csv,.csv,17409570
horizontal-misalignment/1.5mm/47.7184.csv,47.7184.csv,.csv,17362427
horizontal-misalignment/1.5mm/48.5376.csv,48.5376.csv,.csv,17382105
horizontal-misalignment/1.5mm/49.3568.csv,49.3568.csv,.csv,17390068
horizontal-misalignment/1.5mm/50.5856.csv,50.5856.csv,.csv,17386123
horizontal-misalignment/1.5mm/51.6096.csv,51.6096.csv,.csv,17391003
horizontal-misalignment/1.5mm/52.6336.csv,52.6336.csv,.csv,17369410
horizontal-misalignment/1.5mm/53.8624.csv,53.8624.csv,.csv,17364733
horizontal-misalignment/1.5mm/54.8864.csv,54.8864.csv,.csv,17331177
horizontal-misalignment/1.5mm/55.9104.csv,55.9104.csv,.csv,17310162
horizontal-misalignment/1.5mm/56.5248.csv,56.5248.csv,.csv,17301556
horizontal-misalignment/1.5mm/57.1392.csv,57.1392.csv,.csv,17322131
horizontal-misalignment/1.5mm/58.368.csv,58.368.csv,.csv,17234279
horizontal-misalignment/1.5mm/59.392.csv,59.392.csv,.csv,17101704
horizontal-misalignment/1.5mm/60.6208.csv,60.6208.csv,.csv,17050665
horizontal-misalignment/1.5mm/61.44.csv,61.44.csv,.csv,17226571
horizontal-misalignment/2.0mm/12.288.csv,12.288.csv,.csv,16774843
horizontal-misalignment/2.0mm/13.5168.csv,13.5168.csv,.csv,16890636
horizontal-misalignment/2.0mm/14.5408.csv,14.5408.csv,.csv,17270179
horizontal-misalignment/2.0mm/15.36.csv,15.36.csv,.csv,17571759
horizontal-misalignment/2.0mm/16.384.csv,16.384.csv,.csv,17536736
horizontal-misalignment/2.0mm/17.408.csv,17.408.csv,.csv,17383002
horizontal-misalignment/2.0mm/18.6368.csv,18.6368.csv,.csv,17385352
horizontal-misalignment/2.0mm/19.456.csv,19.456.csv,.csv,17556189
horizontal-misalignment/2.0mm/20.2752.csv,20.2752.csv,.csv,17444071
horizontal-misalignment/2.0mm/21.7088.csv,21.7088.csv,.csv,17532620
horizontal-misalignment/2.0mm/22.7328.csv,22.7328.csv,.csv,17575987
horizontal-misalignment/2.0mm/23.1424.csv,23.1424.csv,.csv,17569594
horizontal-misalignment/2.0mm/24.1664.csv,24.1664.csv,.csv,17384590
horizontal-misalignment/2.0mm/25.6.csv,25.6.csv,.csv,17517903
horizontal-misalignment/2.0mm/26.4192.csv,26.4192.csv,.csv,17509579
horizontal-misalignment/2.0mm/27.2384.csv,27.2384.csv,.csv,17528097
horizontal-misalignment/2.0mm/28.0576.csv,28.0576.csv,.csv,17466330
horizontal-misalignment/2.0mm/29.0816.csv,29.0816.csv,.csv,17474316
horizontal-misalignment/2.0mm/30.9248.csv,30.9248.csv,.csv,17457051
horizontal-misalignment/2.0mm/31.5392.csv,31.5392.csv,.csv,17502771
horizontal-misalignment/2.0mm/32.1536.csv,32.1536.csv,.csv,17508326
horizontal-misalignment/2.0mm/33.5872.csv,33.5872.csv,.csv,17519962
horizontal-misalignment/2.0mm/34.2016.csv,34.2016.csv,.csv,17387334
horizontal-misalignment/2.0mm/35.84.csv,35.84.csv,.csv,17519050
horizontal-misalignment/2.0mm/36.2496.csv,36.2496.csv,.csv,17489996
horizontal-misalignment/2.0mm/37.6832.csv,37.6832.csv,.csv,17507032
horizontal-misalignment/2.0mm/39.1168.csv,39.1168.csv,.csv,17433787
horizontal-misalignment/2.0mm/39.936.csv,39.936.csv,.csv,17502597
horizontal-misalignment/2.0mm/40.7552.csv,40.7552.csv,.csv,17393494
horizontal-misalignment/2.0mm/41.5744.csv,41.5744.csv,.csv,17514914
horizontal-misalignment/2.0mm/42.5984.csv,42.5984.csv,.csv,17537382
horizontal-misalignment/2.0mm/43.008.csv,43.008.csv,.csv,17526979
horizontal-misalignment/2.0mm/44.032.csv,44.032.csv,.csv,17542572
horizontal-misalignment/2.0mm/45.056.csv,45.056.csv,.csv,17557434
horizontal-misalignment/2.0mm/46.4896.csv,46.4896.csv,.csv,17553003
horizontal-misalignment/2.0mm/47.5136.csv,47.5136.csv,.csv,17538486
horizontal-misalignment/2.0mm/48.128.csv,48.128.csv,.csv,17478631
horizontal-misalignment/2.0mm/49.5616.csv,49.5616.csv,.csv,17523240
horizontal-misalignment/2.0mm/50.3808.csv,50.3808.csv,.csv,17534459
horizontal-misalignment/2.0mm/51.8144.csv,51.8144.csv,.csv,17548303
horizontal-misalignment/2.0mm/52.6336.csv,52.6336.csv,.csv,17531787
horizontal-misalignment/2.0mm/53.6576.csv,53.6576.csv,.csv,17516813
horizontal-misalignment/2.0mm/54.4768.csv,54.4768.csv,.csv,17527024
horizontal-misalignment/2.0mm/55.9104.csv,55.9104.csv,.csv,17481480
horizontal-misalignment/2.0mm/56.32.csv,56.32.csv,.csv,17474090
horizontal-misalignment/2.0mm/57.344.csv,57.344.csv,.csv,17450360
horizontal-misalignment/2.0mm/58.368.csv,58.368.csv,.csv,17398923
horizontal-misalignment/2.0mm/60.0064.csv,60.0064.csv,.csv,17476244
horizontal-misalignment/2.0mm/60.8256.csv,60.8256.csv,.csv,17298122
imbalance/10g/13.9264.csv,13.9264.csv,.csv,17582498
imbalance/10g/14.5408.csv,14.5408.csv,.csv,17576048
imbalance/10g/15.7696.csv,15.7696.csv,.csv,17555342
imbalance/10g/16.5888.csv,16.5888.csv,.csv,17577008
imbalance/10g/17.2032.csv,17.2032.csv,.csv,17417607
imbalance/10g/18.2272.csv,18.2272.csv,.csv,17532323
imbalance/10g/19.2512.csv,19.2512.csv,.csv,17545273
imbalance/10g/20.48.csv,20.48.csv,.csv,17479110
imbalance/10g/21.7088.csv,21.7088.csv,.csv,17520223
imbalance/10g/22.1184.csv,22.1184.csv,.csv,17541105
imbalance/10g/22.9376.csv,22.9376.csv,.csv,17535007
imbalance/10g/24.7808.csv,24.7808.csv,.csv,17591198
imbalance/10g/25.6.csv,25.6.csv,.csv,17575359
imbalance/10g/26.0096.csv,26.0096.csv,.csv,17650449
imbalance/10g/27.648.csv,27.648.csv,.csv,17494997
imbalance/10g/28.672.csv,28.672.csv,.csv,17496305
imbalance/10g/29.4912.csv,29.4912.csv,.csv,17503110
imbalance/10g/30.3104.csv,30.3104.csv,.csv,17392752
imbalance/10g/31.744.csv,31.744.csv,.csv,17592921
imbalance/10g/32.768.csv,32.768.csv,.csv,17606670
imbalance/10g/33.5872.csv,33.5872.csv,.csv,17578627
imbalance/10g/34.4064.csv,34.4064.csv,.csv,17562576
imbalance/10g/36.0448.csv,36.0448.csv,.csv,17617744
imbalance/10g/36.864.csv,36.864.csv,.csv,17567268
imbalance/10g/38.5024.csv,38.5024.csv,.csv,17522750
imbalance/10g/39.1168.csv,39.1168.csv,.csv,17488859
imbalance/10g/40.5504.csv,40.5504.csv,.csv,17354830
imbalance/10g/41.7792.csv,41.7792.csv,.csv,17436264
imbalance/10g/42.1888.csv,42.1888.csv,.csv,17461654
imbalance/10g/43.2128.csv,43.2128.csv,.csv,17455840
imbalance/10g/44.6464.csv,44.6464.csv,.csv,17451428
imbalance/10g/45.4656.csv,45.4656.csv,.csv,17439969
imbalance/10g/46.08.csv,46.08.csv,.csv,17448661
imbalance/10g/47.5136.csv,47.5136.csv,.csv,17408697
imbalance/10g/48.5376.csv,48.5376.csv,.csv,17432352
imbalance/10g/49.9712.csv,49.9712.csv,.csv,17415758
imbalance/10g/50.5856.csv,50.5856.csv,.csv,17445303
imbalance/10g/51.4048.csv,51.4048.csv,.csv,17419072
imbalance/10g/52.6336.csv,52.6336.csv,.csv,17425666
imbalance/10g/53.8624.csv,53.8624.csv,.csv,17353381
imbalance/10g/55.0912.csv,55.0912.csv,.csv,17331083
imbalance/10g/55.9104.csv,55.9104.csv,.csv,17349153
imbalance/10g/56.9344.csv,56.9344.csv,.csv,17308688
imbalance/10g/57.9584.csv,57.9584.csv,.csv,17299218
imbalance/10g/59.1872.csv,59.1872.csv,.csv,17248344
imbalance/10g/60.0064.csv,60.0064.csv,.csv,17193693
imbalance/10g/61.0304.csv,61.0304.csv,.csv,17225083
imbalance/10g/61.8496.csv,61.8496.csv,.csv,17290606
imbalance/15g/13.312.csv,13.312.csv,.csv,17594933
imbalance/15g/14.5408.csv,14.5408.csv,.csv,17590898
imbalance/15g/15.5648.csv,15.5648.csv,.csv,17659803
imbalance/15g/16.9984.csv,16.9984.csv,.csv,17457084
imbalance/15g/17.8176.csv,17.8176.csv,.csv,17535184
imbalance/15g/18.6368.csv,18.6368.csv,.csv,17526023
imbalance/15g/19.6608.csv,19.6608.csv,.csv,17421413
imbalance/15g/20.8896.csv,20.8896.csv,.csv,17469454
imbalance/15g/21.0944.csv,21.0944.csv,.csv,17532766
imbalance/15g/22.3232.csv,22.3232.csv,.csv,17531982
imbalance/15g/23.3472.csv,23.3472.csv,.csv,17534417
imbalance/15g/24.576.csv,24.576.csv,.csv,17575999
imbalance/15g/25.8048.csv,25.8048.csv,.csv,17604581
imbalance/15g/26.624.csv,26.624.csv,.csv,17555327
imbalance/15g/27.8528.csv,27.8528.csv,.csv,17496166
imbalance/15g/28.672.csv,28.672.csv,.csv,17500558
imbalance/15g/29.696.csv,29.696.csv,.csv,17330356
imbalance/15g/30.9248.csv,30.9248.csv,.csv,17487568
imbalance/15g/31.744.csv,31.744.csv,.csv,17551612
imbalance/15g/33.5872.csv,33.5872.csv,.csv,17592540
imbalance/15g/34.816.csv,34.816.csv,.csv,17524277
imbalance/15g/36.0448.csv,36.0448.csv,.csv,17536642
imbalance/15g/37.0688.csv,37.0688.csv,.csv,17523884
imbalance/15g/37.4784.csv,37.4784.csv,.csv,17533059
imbalance/15g/38.5024.csv,38.5024.csv,.csv,17409980
imbalance/15g/39.3216.csv,39.3216.csv,.csv,17285175
imbalance/15g/40.1408.csv,40.1408.csv,.csv,17153954
imbalance/15g/41.7792.csv,41.7792.csv,.csv,17269494
imbalance/15g/42.3936.csv,42.3936.csv,.csv,17311345
imbalance/15g/43.6224.csv,43.6224.csv,.csv,17320646
imbalance/15g/44.4416.csv,44.4416.csv,.csv,17325797
imbalance/15g/45.8752.csv,45.8752.csv,.csv,17348421
imbalance/15g/46.4896.csv,46.4896.csv,.csv,17352693
imbalance/15g/47.5136.csv,47.5136.csv,.csv,17347145
imbalance/15g/48.5376.csv,48.5376.csv,.csv,17348459
imbalance/15g/49.5616.csv,49.5616.csv,.csv,17357750
imbalance/15g/50.7904.csv,50.7904.csv,.csv,17353090
imbalance/15g/51.4048.csv,51.4048.csv,.csv,17315635
imbalance/15g/52.6336.csv,52.6336.csv,.csv,17341554
imbalance/15g/53.8624.csv,53.8624.csv,.csv,17307666
imbalance/15g/54.6816.csv,54.6816.csv,.csv,17261607
imbalance/15g/55.7056.csv,55.7056.csv,.csv,17211617
imbalance/15g/56.9344.csv,56.9344.csv,.csv,17223649
imbalance/15g/58.1632.csv,58.1632.csv,.csv,17252736
imbalance/15g/58.5728.csv,58.5728.csv,.csv,17231363
imbalance/15g/59.392.csv,59.392.csv,.csv,17133782
imbalance/15g/60.2112.csv,60.2112.csv,.csv,17095607
imbalance/15g/61.44.csv,61.44.csv,.csv,17192080
imbalance/20g/13.312.csv,13.312.csv,.csv,17527230
imbalance/20g/14.336.csv,14.336.csv,.csv,17615027
imbalance/20g/14.9504.csv,14.9504.csv,.csv,17451807
imbalance/20g/16.1792.csv,16.1792.csv,.csv,17602226
imbalance/20g/17.408.csv,17.408.csv,.csv,17445348
imbalance/20g/18.2272.csv,18.2272.csv,.csv,17538593
imbalance/20g/19.456.csv,19.456.csv,.csv,17437483
imbalance/20g/20.6848.csv,20.6848.csv,.csv,17453945
imbalance/20g/21.504.csv,21.504.csv,.csv,17532859
imbalance/20g/22.7328.csv,22.7328.csv,.csv,17497801
imbalance/20g/23.552.csv,23.552.csv,.csv,17473881
imbalance/20g/24.7808.csv,24.7808.csv,.csv,17490320
imbalance/20g/25.6.csv,25.6.csv,.csv,17588239
imbalance/20g/26.4192.csv,26.4192.csv,.csv,17488810
imbalance/20g/27.4432.csv,27.4432.csv,.csv,17475615
imbalance/20g/28.4672.csv,28.4672.csv,.csv,17491959
imbalance/20g/29.4912.csv,29.4912.csv,.csv,17366352
imbalance/20g/30.5152.csv,30.5152.csv,.csv,17368147
imbalance/20g/31.5392.csv,31.5392.csv,.csv,17503292
imbalance/20g/32.5632.csv,32.5632.csv,.csv,17516381
imbalance/20g/33.5872.csv,33.5872.csv,.csv,17555791
imbalance/20g/34.6112.csv,34.6112.csv,.csv,17535898
imbalance/20g/36.0448.csv,36.0448.csv,.csv,17498346
imbalance/20g/36.4544.csv,36.4544.csv,.csv,17460122
imbalance/20g/37.888.csv,37.888.csv,.csv,17312879
imbalance/20g/38.7072.csv,38.7072.csv,.csv,17225260
imbalance/20g/39.936.csv,39.936.csv,.csv,17272512
imbalance/20g/40.7552.csv,40.7552.csv,.csv,17220743
imbalance/20g/41.5744.csv,41.5744.csv,.csv,17274981
imbalance/20g/42.3936.csv,42.3936.csv,.csv,17285890
imbalance/20g/43.6224.csv,43.6224.csv,.csv,17287379
imbalance/20g/44.4416.csv,44.4416.csv,.csv,17305849
imbalance/20g/45.4656.csv,45.4656.csv,.csv,17304655
imbalance/20g/46.4896.csv,46.4896.csv,.csv,17309331
imbalance/20g/47.3088.csv,47.3088.csv,.csv,17320995
imbalance/20g/48.3328.csv,48.3328.csv,.csv,17308971
imbalance/20g/49.7664.csv,49.7664.csv,.csv,17313989
imbalance/20g/50.7904.csv,50.7904.csv,.csv,17288673
imbalance/20g/51.6096.csv,51.6096.csv,.csv,17294224
imbalance/20g/52.224.csv,52.224.csv,.csv,17297286
imbalance/20g/53.6576.csv,53.6576.csv,.csv,17222517
imbalance/20g/54.8864.csv,54.8864.csv,.csv,17171334
imbalance/20g/55.0912.csv,55.0912.csv,.csv,17171696
imbalance/20g/56.7296.csv,56.7296.csv,.csv,17111611
imbalance/20g/57.5488.csv,57.5488.csv,.csv,17124109
imbalance/20g/58.5728.csv,58.5728.csv,.csv,17105075
imbalance/20g/59.5968.csv,59.5968.csv,.csv,17028075
imbalance/20g/61.0304.csv,61.0304.csv,.csv,17071568
imbalance/20g/61.2352.csv,61.2352.csv,.csv,17102073
imbalance/25g/12.288.csv,12.288.csv,.csv,17218919
imbalance/25g/13.7216.csv,13.7216.csv,.csv,17574454
imbalance/25g/15.1552.csv,15.1552.csv,.csv,17533653
imbalance/25g/15.7696.csv,15.7696.csv,.csv,17590587
imbalance/25g/16.9984.csv,16.9984.csv,.csv,17405936
imbalance/25g/17.6128.csv,17.6128.csv,.csv,17435009
imbalance/25g/18.432.csv,18.432.csv,.csv,17439913
imbalance/25g/19.2512.csv,19.2512.csv,.csv,17481051
imbalance/25g/20.6848.csv,20.6848.csv,.csv,17465207
imbalance/25g/21.504.csv,21.504.csv,.csv,17487861
imbalance/25g/22.1184.csv,22.1184.csv,.csv,17487027
imbalance/25g/22.9376.csv,22.9376.csv,.csv,17431779
imbalance/25g/23.9616.csv,23.9616.csv,.csv,17492223
imbalance/25g/25.3952.csv,25.3952.csv,.csv,17501223
imbalance/25g/26.0096.csv,26.0096.csv,.csv,17488074
imbalance/25g/27.2384.csv,27.2384.csv,.csv,17427578
imbalance/25g/28.672.csv,28.672.csv,.csv,17509850
imbalance/25g/29.0816.csv,29.0816.csv,.csv,17432416
imbalance/25g/30.1056.csv,30.1056.csv,.csv,17361109
imbalance/25g/31.3344.csv,31.3344.csv,.csv,17443552
imbalance/25g/32.3584.csv,32.3584.csv,.csv,17485445
imbalance/25g/33.3824.csv,33.3824.csv,.csv,17457646
imbalance/25g/34.6112.csv,34.6112.csv,.csv,17473645
imbalance/25g/35.4304.csv,35.4304.csv,.csv,17418137
imbalance/25g/36.2496.csv,36.2496.csv,.csv,17340115
imbalance/25g/37.6832.csv,37.6832.csv,.csv,17242622
imbalance/25g/38.7072.csv,38.7072.csv,.csv,17190894
imbalance/25g/39.5264.csv,39.5264.csv,.csv,17157385
imbalance/25g/40.3456.csv,40.3456.csv,.csv,17089915
imbalance/25g/41.1648.csv,41.1648.csv,.csv,17177259
imbalance/25g/42.5984.csv,42.5984.csv,.csv,17217317
imbalance/25g/43.008.csv,43.008.csv,.csv,17222867
imbalance/25g/43.8272.csv,43.8272.csv,.csv,17239504
imbalance/25g/45.6704.csv,45.6704.csv,.csv,17245320
imbalance/25g/45.8752.csv,45.8752.csv,.csv,17237064
imbalance/25g/47.104.csv,47.104.csv,.csv,17257461
imbalance/25g/48.3328.csv,48.3328.csv,.csv,17234476
imbalance/25g/48.9472.csv,48.9472.csv,.csv,17235783
imbalance/25g/50.3808.csv,50.3808.csv,.csv,17237623
imbalance/25g/51.4048.csv,51.4048.csv,.csv,17190681
imbalance/25g/52.4288.csv,52.4288.csv,.csv,17181256
imbalance/25g/53.4528.csv,53.4528.csv,.csv,17148656
imbalance/25g/54.4768.csv,54.4768.csv,.csv,17106127
imbalance/25g/55.296.csv,55.296.csv,.csv,17045474
imbalance/25g/56.32.csv,56.32.csv,.csv,17020449
imbalance/25g/57.344.csv,57.344.csv,.csv,16993616
imbalance/25g/59.1872.csv,59.1872.csv,.csv,16947945
imbalance/30g/12.0832.csv,12.0832.csv,.csv,17257334
imbalance/30g/13.1072.csv,13.1072.csv,.csv,17471304
imbalance/30g/14.336.csv,14.336.csv,.csv,17596542
imbalance/30g/14.9504.csv,14.9504.csv,.csv,17534960
imbalance/30g/16.5888.csv,16.5888.csv,.csv,17526337
imbalance/30g/17.2032.csv,17.2032.csv,.csv,17290938
imbalance/30g/18.2272.csv,18.2272.csv,.csv,17337906
imbalance/30g/19.456.csv,19.456.csv,.csv,17323627
imbalance/30g/21.0944.csv,21.0944.csv,.csv,17382248
imbalance/30g/21.504.csv,21.504.csv,.csv,17422164
imbalance/30g/22.7328.csv,22.7328.csv,.csv,17416418
imbalance/30g/23.3472.csv,23.3472.csv,.csv,17361730
imbalance/30g/23.7568.csv,23.7568.csv,.csv,17228970
imbalance/30g/25.8048.csv,25.8048.csv,.csv,17411591
imbalance/30g/26.2144.csv,26.2144.csv,.csv,17348978
imbalance/30g/26.8288.csv,26.8288.csv,.csv,17310884
imbalance/30g/28.672.csv,28.672.csv,.csv,17321238
imbalance/30g/29.0816.csv,29.0816.csv,.csv,17278937
imbalance/30g/30.1056.csv,30.1056.csv,.csv,17152086
imbalance/30g/31.5392.csv,31.5392.csv,.csv,17344594
imbalance/30g/32.768.csv,32.768.csv,.csv,17367478
imbalance/30g/33.9968.csv,33.9968.csv,.csv,17303958
imbalance/30g/34.816.csv,34.816.csv,.csv,17255793
imbalance/30g/35.2256.csv,35.2256.csv,.csv,17204579
imbalance/30g/36.864.csv,36.864.csv,.csv,17073880
imbalance/30g/38.0928.csv,38.0928.csv,.csv,17033204
imbalance/30g/38.7072.csv,38.7072.csv,.csv,17027683
imbalance/30g/39.7312.csv,39.7312.csv,.csv,16977429
imbalance/30g/40.7552.csv,40.7552.csv,.csv,16973482
imbalance/30g/41.3696.csv,41.3696.csv,.csv,17024776
imbalance/30g/42.5984.csv,42.5984.csv,.csv,17061722
imbalance/30g/43.6224.csv,43.6224.csv,.csv,17020946
imbalance/30g/44.6464.csv,44.6464.csv,.csv,17032861
imbalance/30g/45.4656.csv,45.4656.csv,.csv,17041518
imbalance/30g/46.4896.csv,46.4896.csv,.csv,17046122
imbalance/30g/47.7184.csv,47.7184.csv,.csv,17046463
imbalance/30g/48.5376.csv,48.5376.csv,.csv,17048351
imbalance/30g/49.9712.csv,49.9712.csv,.csv,17050102
imbalance/30g/50.5856.csv,50.5856.csv,.csv,16993152
imbalance/30g/51.6096.csv,51.6096.csv,.csv,16981058
imbalance/30g/52.6336.csv,52.6336.csv,.csv,16943388
imbalance/30g/53.8624.csv,53.8624.csv,.csv,16871128
imbalance/30g/54.0672.csv,54.0672.csv,.csv,16838984
imbalance/30g/55.5008.csv,55.5008.csv,.csv,16650420
imbalance/30g/57.5488.csv,57.5488.csv,.csv,16648800
imbalance/30g/58.368.csv,58.368.csv,.csv,16646942
imbalance/30g/59.392.csv,59.392.csv,.csv,16542376
imbalance/35g/12.0832.csv,12.0832.csv,.csv,16965026
imbalance/35g/13.7216.csv,13.7216.csv,.csv,17157333
imbalance/35g/14.5408.csv,14.5408.csv,.csv,17241927
imbalance/35g/15.7696.csv,15.7696.csv,.csv,17499857
imbalance/35g/16.5888.csv,16.5888.csv,.csv,17477333
imbalance/35g/17.2032.csv,17.2032.csv,.csv,17343432
imbalance/35g/18.432.csv,18.432.csv,.csv,17271108
imbalance/35g/19.8656.csv,19.8656.csv,.csv,17216311
imbalance/35g/20.8896.csv,20.8896.csv,.csv,17340948
imbalance/35g/21.504.csv,21.504.csv,.csv,17363812
imbalance/35g/22.1184.csv,22.1184.csv,.csv,17362800
imbalance/35g/22.9376.csv,22.9376.csv,.csv,17307161
imbalance/35g/24.1664.csv,24.1664.csv,.csv,17163629
imbalance/35g/25.6.csv,25.6.csv,.csv,17246563
imbalance/35g/26.0096.csv,26.0096.csv,.csv,17186446
imbalance/35g/26.8288.csv,26.8288.csv,.csv,17186969
imbalance/35g/28.4672.csv,28.4672.csv,.csv,17218569
imbalance/35g/29.9008.csv,29.9008.csv,.csv,16926636
imbalance/35g/30.5152.csv,30.5152.csv,.csv,17079018
imbalance/35g/31.744.csv,31.744.csv,.csv,17221909
imbalance/35g/32.9728.csv,32.9728.csv,.csv,17160344
imbalance/35g/33.5872.csv,33.5872.csv,.csv,17105398
imbalance/35g/34.4064.csv,34.4064.csv,.csv,17057336
imbalance/35g/35.6352.csv,35.6352.csv,.csv,16930844
imbalance/35g/36.6592.csv,36.6592.csv,.csv,16847514
imbalance/35g/37.4784.csv,37.4784.csv,.csv,16843048
imbalance/35g/38.5024.csv,38.5024.csv,.csv,16838305
imbalance/35g/39.1168.csv,39.1168.csv,.csv,16778141
imbalance/35g/40.3456.csv,40.3456.csv,.csv,16750837
imbalance/35g/41.5744.csv,41.5744.csv,.csv,16906194
imbalance/35g/42.5984.csv,42.5984.csv,.csv,16893786
imbalance/35g/43.6224.csv,43.6224.csv,.csv,16911205
imbalance/35g/44.8512.csv,44.8512.csv,.csv,16934679
imbalance/35g/45.4656.csv,45.4656.csv,.csv,16934904
imbalance/35g/46.6944.csv,46.6944.csv,.csv,16960171
imbalance/35g/47.5136.csv,47.5136.csv,.csv,16946739
imbalance/35g/48.7424.csv,48.7424.csv,.csv,16943036
imbalance/35g/49.9712.csv,49.9712.csv,.csv,16917592
imbalance/35g/50.9952.csv,50.9952.csv,.csv,16903967
imbalance/35g/51.8144.csv,51.8144.csv,.csv,16862072
imbalance/35g/52.4288.csv,52.4288.csv,.csv,16855311
imbalance/35g/52.8384.csv,52.8384.csv,.csv,16845578
imbalance/35g/54.4768.csv,54.4768.csv,.csv,16804072
imbalance/35g/55.0912.csv,55.0912.csv,.csv,16764855
imbalance/35g/56.7296.csv,56.7296.csv,.csv,16658244
imbalance/6g/13.9264.csv,13.9264.csv,.csv,17659659
imbalance/6g/14.336.csv,14.336.csv,.csv,17637224
imbalance/6g/15.36.csv,15.36.csv,.csv,17582523
imbalance/6g/16.1792.csv,16.1792.csv,.csv,17621414
imbalance/6g/17.408.csv,17.408.csv,.csv,17521836
imbalance/6g/18.432.csv,18.432.csv,.csv,17582191
imbalance/6g/19.6608.csv,19.6608.csv,.csv,17597919
imbalance/6g/20.2752.csv,20.2752.csv,.csv,17611965
imbalance/6g/21.7088.csv,21.7088.csv,.csv,17618441
imbalance/6g/22.7328.csv,22.7328.csv,.csv,17608627
imbalance/6g/23.552.csv,23.552.csv,.csv,17564623
imbalance/6g/24.576.csv,24.576.csv,.csv,17600748
imbalance/6g/25.3952.csv,25.3952.csv,.csv,17627563
imbalance/6g/26.8288.csv,26.8288.csv,.csv,17637419
imbalance/6g/27.648.csv,27.648.csv,.csv,17538562
imbalance/6g/28.8768.csv,28.8768.csv,.csv,17617576
imbalance/6g/29.4912.csv,29.4912.csv,.csv,17469802
imbalance/6g/30.5152.csv,30.5152.csv,.csv,17453841
imbalance/6g/31.5392.csv,31.5392.csv,.csv,17644419
imbalance/6g/32.9728.csv,32.9728.csv,.csv,17642281
imbalance/6g/33.9968.csv,33.9968.csv,.csv,17625638
imbalance/6g/34.816.csv,34.816.csv,.csv,17638594
imbalance/6g/35.6352.csv,35.6352.csv,.csv,17673400
imbalance/6g/36.4544.csv,36.4544.csv,.csv,17657036
imbalance/6g/37.6832.csv,37.6832.csv,.csv,17633408
imbalance/6g/38.5024.csv,38.5024.csv,.csv,17631867
imbalance/6g/39.3216.csv,39.3216.csv,.csv,17531662
imbalance/6g/40.7552.csv,40.7552.csv,.csv,17539742
imbalance/6g/41.3696.csv,41.3696.csv,.csv,17566091
imbalance/6g/42.5984.csv,42.5984.csv,.csv,17597804
imbalance/6g/43.4176.csv,43.4176.csv,.csv,17571793
imbalance/6g/44.4416.csv,44.4416.csv,.csv,17597858
imbalance/6g/45.4656.csv,45.4656.csv,.csv,17614993
imbalance/6g/46.6944.csv,46.6944.csv,.csv,17594445
imbalance/6g/47.3088.csv,47.3088.csv,.csv,17579751
imbalance/6g/48.128.csv,48.128.csv,.csv,17549572
imbalance/6g/49.152.csv,49.152.csv,.csv,17555447
imbalance/6g/50.5856.csv,50.5856.csv,.csv,17517993
imbalance/6g/51.8144.csv,51.8144.csv,.csv,17495148
imbalance/6g/52.224.csv,52.224.csv,.csv,17527017
imbalance/6g/53.6576.csv,53.6576.csv,.csv,17479992
imbalance/6g/54.4768.csv,54.4768.csv,.csv,17448159
imbalance/6g/55.296.csv,55.296.csv,.csv,17360157
imbalance/6g/56.1152.csv,56.1152.csv,.csv,17431340
imbalance/6g/58.1632.csv,58.1632.csv,.csv,17415703
imbalance/6g/58.7776.csv,58.7776.csv,.csv,17358989
imbalance/6g/59.392.csv,59.392.csv,.csv,17235818
imbalance/6g/60.2112.csv,60.2112.csv,.csv,17244089
imbalance/6g/62.0544.csv,62.0544.csv,.csv,17386285
normal/12.288.csv,12.288.csv,.csv,17642507
normal/13.1072.csv,13.1072.csv,.csv,17526716
normal/14.336.csv,14.336.csv,.csv,17559699
normal/15.1552.csv,15.1552.csv,.csv,17542085
normal/16.1792.csv,16.1792.csv,.csv,17564431
normal/17.2032.csv,17.2032.csv,.csv,17414350
normal/18.432.csv,18.432.csv,.csv,17431979
normal/19.6608.csv,19.6608.csv,.csv,17502972
normal/20.2752.csv,20.2752.csv,.csv,17543416
normal/21.7088.csv,21.7088.csv,.csv,17566903
normal/22.3232.csv,22.3232.csv,.csv,17509557
normal/23.552.csv,23.552.csv,.csv,17507686
normal/24.576.csv,24.576.csv,.csv,17549615
normal/25.6.csv,25.6.csv,.csv,17519504
normal/26.624.csv,26.624.csv,.csv,17524790
normal/27.4432.csv,27.4432.csv,.csv,17440845
normal/28.8768.csv,28.8768.csv,.csv,17456002
normal/29.4912.csv,29.4912.csv,.csv,17363369
normal/30.72.csv,30.72.csv,.csv,17438798
normal/31.744.csv,31.744.csv,.csv,17486351
normal/32.9728.csv,32.9728.csv,.csv,17482424
normal/33.5872.csv,33.5872.csv,.csv,17491770
normal/34.2016.csv,34.2016.csv,.csv,17503604
normal/35.4304.csv,35.4304.csv,.csv,17485616
normal/36.4544.csv,36.4544.csv,.csv,17451095
normal/37.6832.csv,37.6832.csv,.csv,17442409
normal/38.2976.csv,38.2976.csv,.csv,17452026
normal/39.3216.csv,39.3216.csv,.csv,17345330
normal/40.3456.csv,40.3456.csv,.csv,17362292
normal/41.7792.csv,41.7792.csv,.csv,17409075
normal/42.3936.csv,42.3936.csv,.csv,17416107
normal/43.6224.csv,43.6224.csv,.csv,17404634
normal/44.6464.csv,44.6464.csv,.csv,17382984
normal/45.4656.csv,45.4656.csv,.csv,17372674
normal/46.2848.csv,46.2848.csv,.csv,17367230
normal/47.7184.csv,47.7184.csv,.csv,17325512
normal/48.9472.csv,48.9472.csv,.csv,17338499
normal/49.5616.csv,49.5616.csv,.csv,17438439
normal/51.8144.csv,51.8144.csv,.csv,17426095
normal/52.4288.csv,52.4288.csv,.csv,17500316
normal/53.8624.csv,53.8624.csv,.csv,17474121
normal/54.6816.csv,54.6816.csv,.csv,17466975
normal/55.7056.csv,55.7056.csv,.csv,17416165
normal/56.7296.csv,56.7296.csv,.csv,17457220
normal/57.9584.csv,57.9584.csv,.csv,17408921
normal/58.7776.csv,58.7776.csv,.csv,17385454
normal/59.5968.csv,59.5968.csv,.csv,17385522
normal/60.416.csv,60.416.csv,.csv,17349631
normal/61.44.csv,61.44.csv,.csv,17413303
vertical-misalignment/0.51mm/12.4928.csv,12.4928.csv,.csv,17149830
vertical-misalignment/0.51mm/13.1072.csv,13.1072.csv,.csv,17131616
vertical-misalignment/0.51mm/14.9504.csv,14.9504.csv,.csv,17088227
vertical-misalignment/0.51mm/16.1792.csv,16.1792.csv,.csv,17282059
vertical-misalignment/0.51mm/16.9984.csv,16.9984.csv,.csv,17134801
vertical-misalignment/0.51mm/18.0224.csv,18.0224.csv,.csv,17453763
vertical-misalignment/0.51mm/18.8416.csv,18.8416.csv,.csv,17420371
vertical-misalignment/0.51mm/19.456.csv,19.456.csv,.csv,17510114
vertical-misalignment/0.51mm/20.48.csv,20.48.csv,.csv,17517316
vertical-misalignment/0.51mm/21.504.csv,21.504.csv,.csv,17521742
vertical-misalignment/0.51mm/22.528.csv,22.528.csv,.csv,17498863
vertical-misalignment/0.51mm/23.1424.csv,23.1424.csv,.csv,17511760
vertical-misalignment/0.51mm/24.1664.csv,24.1664.csv,.csv,17309875
vertical-misalignment/0.51mm/24.9856.csv,24.9856.csv,.csv,17520807
vertical-misalignment/0.51mm/26.624.csv,26.624.csv,.csv,17454137
vertical-misalignment/0.51mm/27.2384.csv,27.2384.csv,.csv,17461349
vertical-misalignment/0.51mm/28.4672.csv,28.4672.csv,.csv,17408300
vertical-misalignment/0.51mm/29.2864.csv,29.2864.csv,.csv,17263420
vertical-misalignment/0.51mm/30.5152.csv,30.5152.csv,.csv,17150878
vertical-misalignment/0.51mm/31.5392.csv,31.5392.csv,.csv,17399800
vertical-misalignment/0.51mm/32.3584.csv,32.3584.csv,.csv,17437631
vertical-misalignment/0.51mm/33.3824.csv,33.3824.csv,.csv,17442998
vertical-misalignment/0.51mm/34.2016.csv,34.2016.csv,.csv,17402312
vertical-misalignment/0.51mm/35.2256.csv,35.2256.csv,.csv,17455087
vertical-misalignment/0.51mm/36.0448.csv,36.0448.csv,.csv,17500953
vertical-misalignment/0.51mm/37.6832.csv,37.6832.csv,.csv,17484135
vertical-misalignment/0.51mm/38.0928.csv,38.0928.csv,.csv,17521800
vertical-misalignment/0.51mm/38.7072.csv,38.7072.csv,.csv,17483490
vertical-misalignment/0.51mm/40.3456.csv,40.3456.csv,.csv,17341323
vertical-misalignment/0.51mm/41.1648.csv,41.1648.csv,.csv,17504442
vertical-misalignment/0.51mm/42.8032.csv,42.8032.csv,.csv,17516543
vertical-misalignment/0.51mm/43.4176.csv,43.4176.csv,.csv,17501710
vertical-misalignment/0.51mm/43.8272.csv,43.8272.csv,.csv,17519817
vertical-misalignment/0.51mm/45.2608.csv,45.2608.csv,.csv,17489930
vertical-misalignment/0.51mm/45.8752.csv,45.8752.csv,.csv,17498222
vertical-misalignment/0.51mm/47.3088.csv,47.3088.csv,.csv,17481029
vertical-misalignment/0.51mm/48.128.csv,48.128.csv,.csv,17462074
vertical-misalignment/0.51mm/48.9472.csv,48.9472.csv,.csv,17457975
vertical-misalignment/0.51mm/49.9712.csv,49.9712.csv,.csv,17446829
vertical-misalignment/0.51mm/51.2.csv,51.2.csv,.csv,17443824
vertical-misalignment/0.51mm/52.8384.csv,52.8384.csv,.csv,17383966
vertical-misalignment/0.51mm/53.6576.csv,53.6576.csv,.csv,17341564
vertical-misalignment/0.51mm/54.4768.csv,54.4768.csv,.csv,17238800
vertical-misalignment/0.51mm/55.5008.csv,55.5008.csv,.csv,17186394
vertical-misalignment/0.51mm/56.7296.csv,56.7296.csv,.csv,17206894
vertical-misalignment/0.51mm/57.1392.csv,57.1392.csv,.csv,17296918
vertical-misalignment/0.51mm/58.368.csv,58.368.csv,.csv,17264615
vertical-misalignment/0.51mm/59.5968.csv,59.5968.csv,.csv,17080035
vertical-misalignment/0.51mm/60.416.csv,60.416.csv,.csv,17085751
vertical-misalignment/0.51mm/61.2352.csv,61.2352.csv,.csv,17203876
vertical-misalignment/0.51mm/61.6448.csv,61.6448.csv,.csv,17217889
vertical-misalignment/0.63mm/12.4928.csv,12.4928.csv,.csv,17459473
vertical-misalignment/0.63mm/13.312.csv,13.312.csv,.csv,17408399
vertical-misalignment/0.63mm/14.1312.csv,14.1312.csv,.csv,17142190
vertical-misalignment/0.63mm/15.36.csv,15.36.csv,.csv,17516492
vertical-misalignment/0.63mm/16.7936.csv,16.7936.csv,.csv,17488042
vertical-misalignment/0.63mm/18.0224.csv,18.0224.csv,.csv,17473442
vertical-misalignment/0.63mm/18.8416.csv,18.8416.csv,.csv,17370718
vertical-misalignment/0.63mm/20.0704.csv,20.0704.csv,.csv,17526528
vertical-misalignment/0.63mm/20.48.csv,20.48.csv,.csv,17545965
vertical-misalignment/0.63mm/21.9136.csv,21.9136.csv,.csv,17511139
vertical-misalignment/0.63mm/22.528.csv,22.528.csv,.csv,17512488
vertical-misalignment/0.63mm/23.3472.csv,23.3472.csv,.csv,17495587
vertical-misalignment/0.63mm/24.576.csv,24.576.csv,.csv,17539105
vertical-misalignment/0.63mm/25.6.csv,25.6.csv,.csv,17535838
vertical-misalignment/0.63mm/26.8288.csv,26.8288.csv,.csv,17401087
vertical-misalignment/0.63mm/27.8528.csv,27.8528.csv,.csv,17427804
vertical-misalignment/0.63mm/28.672.csv,28.672.csv,.csv,17425485
vertical-misalignment/0.63mm/29.0816.csv,29.0816.csv,.csv,17345719
vertical-misalignment/0.63mm/30.5152.csv,30.5152.csv,.csv,17200404
vertical-misalignment/0.63mm/31.1296.csv,31.1296.csv,.csv,17374292
vertical-misalignment/0.63mm/32.768.csv,32.768.csv,.csv,17426237
vertical-misalignment/0.63mm/33.5872.csv,33.5872.csv,.csv,17434501
vertical-misalignment/0.63mm/34.2016.csv,34.2016.csv,.csv,17302544
vertical-misalignment/0.63mm/35.0208.csv,35.0208.csv,.csv,17433743
vertical-misalignment/0.63mm/36.6592.csv,36.6592.csv,.csv,17498958
vertical-misalignment/0.63mm/37.2736.csv,37.2736.csv,.csv,17483488
vertical-misalignment/0.63mm/38.7072.csv,38.7072.csv,.csv,17512330
vertical-misalignment/0.63mm/39.7312.csv,39.7312.csv,.csv,17341795
vertical-misalignment/0.63mm/40.3456.csv,40.3456.csv,.csv,17348380
vertical-misalignment/0.63mm/41.3696.csv,41.3696.csv,.csv,17468678
vertical-misalignment/0.63mm/42.3936.csv,42.3936.csv,.csv,17521277
vertical-misalignment/0.63mm/43.008.csv,43.008.csv,.csv,17515499
vertical-misalignment/0.63mm/44.4416.csv,44.4416.csv,.csv,17487770
vertical-misalignment/0.63mm/45.2608.csv,45.2608.csv,.csv,17516098
vertical-misalignment/0.63mm/46.4896.csv,46.4896.csv,.csv,17542915
vertical-misalignment/0.63mm/47.3088.csv,47.3088.csv,.csv,17481465
vertical-misalignment/0.63mm/47.9232.csv,47.9232.csv,.csv,17454580
vertical-misalignment/0.63mm/49.5616.csv,49.5616.csv,.csv,17492538
vertical-misalignment/0.63mm/49.9712.csv,49.9712.csv,.csv,17459413
vertical-misalignment/0.63mm/51.2.csv,51.2.csv,.csv,17485450
vertical-misalignment/0.63mm/52.224.csv,52.224.csv,.csv,17447870
vertical-misalignment/0.63mm/53.248.csv,53.248.csv,.csv,17382460
vertical-misalignment/0.63mm/54.0672.csv,54.0672.csv,.csv,17299117
vertical-misalignment/0.63mm/55.296.csv,55.296.csv,.csv,17269940
vertical-misalignment/0.63mm/56.5248.csv,56.5248.csv,.csv,17349297
vertical-misalignment/0.63mm/57.5488.csv,57.5488.csv,.csv,17327004
vertical-misalignment/0.63mm/58.5728.csv,58.5728.csv,.csv,17275861
vertical-misalignment/0.63mm/60.0064.csv,60.0064.csv,.csv,16977258
vertical-misalignment/0.63mm/60.8256.csv,60.8256.csv,.csv,17024023
vertical-misalignment/0.63mm/61.8496.csv,61.8496.csv,.csv,17032225
vertical-misalignment/1.27mm/12.0832.csv,12.0832.csv,.csv,17497788
vertical-misalignment/1.27mm/13.7216.csv,13.7216.csv,.csv,17408659
vertical-misalignment/1.27mm/14.9504.csv,14.9504.csv,.csv,17464984
vertical-misalignment/1.27mm/15.36.csv,15.36.csv,.csv,17484589
vertical-misalignment/1.27mm/17.2032.csv,17.2032.csv,.csv,17438700
vertical-misalignment/1.27mm/17.408.csv,17.408.csv,.csv,17455711
vertical-misalignment/1.27mm/18.6368.csv,18.6368.csv,.csv,17381439
vertical-misalignment/1.27mm/19.6608.csv,19.6608.csv,.csv,17480612
vertical-misalignment/1.27mm/20.2752.csv,20.2752.csv,.csv,17490838
vertical-misalignment/1.27mm/21.2992.csv,21.2992.csv,.csv,17394248
vertical-misalignment/1.27mm/22.7328.csv,22.7328.csv,.csv,17511256
vertical-misalignment/1.27mm/23.3472.csv,23.3472.csv,.csv,17434900
vertical-misalignment/1.27mm/24.7808.csv,24.7808.csv,.csv,17429469
vertical-misalignment/1.27mm/26.0096.csv,26.0096.csv,.csv,17480271
vertical-misalignment/1.27mm/26.2144.csv,26.2144.csv,.csv,17494925
vertical-misalignment/1.27mm/27.0336.csv,27.0336.csv,.csv,17483219
vertical-misalignment/1.27mm/28.672.csv,28.672.csv,.csv,17422591
vertical-misalignment/1.27mm/29.2864.csv,29.2864.csv,.csv,17282566
vertical-misalignment/1.27mm/30.5152.csv,30.5152.csv,.csv,17201771
vertical-misalignment/1.27mm/31.1296.csv,31.1296.csv,.csv,17418546
vertical-misalignment/1.27mm/32.9728.csv,32.9728.csv,.csv,17507517
vertical-misalignment/1.27mm/33.9968.csv,33.9968.csv,.csv,17432470
vertical-misalignment/1.27mm/34.4064.csv,34.4064.csv,.csv,17454554
vertical-misalignment/1.27mm/35.4304.csv,35.4304.csv,.csv,17483386
vertical-misalignment/1.27mm/36.0448.csv,36.0448.csv,.csv,17485366
vertical-misalignment/1.27mm/37.2736.csv,37.2736.csv,.csv,17503191
vertical-misalignment/1.27mm/38.2976.csv,38.2976.csv,.csv,17504683
vertical-misalignment/1.27mm/39.3216.csv,39.3216.csv,.csv,17420311
vertical-misalignment/1.27mm/40.7552.csv,40.7552.csv,.csv,17465290
vertical-misalignment/1.27mm/41.1648.csv,41.1648.csv,.csv,17448603
vertical-misalignment/1.27mm/42.3936.csv,42.3936.csv,.csv,17454012
vertical-misalignment/1.27mm/43.4176.csv,43.4176.csv,.csv,17452551
vertical-misalignment/1.27mm/44.032.csv,44.032.csv,.csv,17442560
vertical-misalignment/1.27mm/45.2608.csv,45.2608.csv,.csv,17407957
vertical-misalignment/1.27mm/46.08.csv,46.08.csv,.csv,17318149
vertical-misalignment/1.27mm/47.5136.csv,47.5136.csv,.csv,17355061
vertical-misalignment/1.27mm/48.3328.csv,48.3328.csv,.csv,17276989
vertical-misalignment/1.27mm/48.9472.csv,48.9472.csv,.csv,17292925
vertical-misalignment/1.27mm/50.3808.csv,50.3808.csv,.csv,17364377
vertical-misalignment/1.27mm/51.4048.csv,51.4048.csv,.csv,17317849
vertical-misalignment/1.27mm/52.224.csv,52.224.csv,.csv,17395540
vertical-misalignment/1.27mm/53.6576.csv,53.6576.csv,.csv,17262748
vertical-misalignment/1.27mm/54.272.csv,54.272.csv,.csv,17255561
vertical-misalignment/1.27mm/55.0912.csv,55.0912.csv,.csv,17275107
vertical-misalignment/1.27mm/56.32.csv,56.32.csv,.csv,17296206
vertical-misalignment/1.27mm/57.344.csv,57.344.csv,.csv,17252413
vertical-misalignment/1.27mm/58.9824.csv,58.9824.csv,.csv,17032854
vertical-misalignment/1.27mm/60.0064.csv,60.0064.csv,.csv,17271801
vertical-misalignment/1.27mm/61.2352.csv,61.2352.csv,.csv,17065031
vertical-misalignment/1.27mm/62.2592.csv,62.2592.csv,.csv,17179305
vertical-misalignment/1.40mm/12.0832.csv,12.0832.csv,.csv,17531343
vertical-misalignment/1.40mm/13.312.csv,13.312.csv,.csv,17390242
vertical-misalignment/1.40mm/14.7456.csv,14.7456.csv,.csv,17369122
vertical-misalignment/1.40mm/15.7696.csv,15.7696.csv,.csv,17475431
vertical-misalignment/1.40mm/16.384.csv,16.384.csv,.csv,17565665
vertical-misalignment/1.40mm/17.2032.csv,17.2032.csv,.csv,17481117
vertical-misalignment/1.40mm/18.2272.csv,18.2272.csv,.csv,17523401
vertical-misalignment/1.40mm/19.6608.csv,19.6608.csv,.csv,17554829
vertical-misalignment/1.40mm/20.2752.csv,20.2752.csv,.csv,17550008
vertical-misalignment/1.40mm/21.7088.csv,21.7088.csv,.csv,17545108
vertical-misalignment/1.40mm/22.7328.csv,22.7328.csv,.csv,17586605
vertical-misalignment/1.40mm/23.552.csv,23.552.csv,.csv,17420428
vertical-misalignment/1.40mm/24.576.csv,24.576.csv,.csv,17466138
vertical-misalignment/1.40mm/25.3952.csv,25.3952.csv,.csv,17469158
vertical-misalignment/1.40mm/25.8048.csv,25.8048.csv,.csv,17543950
vertical-misalignment/1.40mm/27.4432.csv,27.4432.csv,.csv,17513174
vertical-misalignment/1.40mm/28.0576.csv,28.0576.csv,.csv,17457197
vertical-misalignment/1.40mm/29.0816.csv,29.0816.csv,.csv,17429064
vertical-misalignment/1.40mm/30.1056.csv,30.1056.csv,.csv,17221065
vertical-misalignment/1.40mm/30.9248.csv,30.9248.csv,.csv,17421535
vertical-misalignment/1.40mm/32.1536.csv,32.1536.csv,.csv,17517453
vertical-misalignment/1.40mm/33.9968.csv,33.9968.csv,.csv,17556520
vertical-misalignment/1.40mm/34.6112.csv,34.6112.csv,.csv,17554748
vertical-misalignment/1.40mm/36.0448.csv,36.0448.csv,.csv,17564371
vertical-misalignment/1.40mm/36.864.csv,36.864.csv,.csv,17586300
vertical-misalignment/1.40mm/37.888.csv,37.888.csv,.csv,17557443
vertical-misalignment/1.40mm/38.7072.csv,38.7072.csv,.csv,17558188
vertical-misalignment/1.40mm/39.5264.csv,39.5264.csv,.csv,17492031
vertical-misalignment/1.40mm/40.7552.csv,40.7552.csv,.csv,17511001
vertical-misalignment/1.40mm/41.7792.csv,41.7792.csv,.csv,17535183
vertical-misalignment/1.40mm/42.3936.csv,42.3936.csv,.csv,17536380
vertical-misalignment/1.40mm/43.2128.csv,43.2128.csv,.csv,17517899
vertical-misalignment/1.40mm/43.8272.csv,43.8272.csv,.csv,17516560
vertical-misalignment/1.40mm/44.6464.csv,44.6464.csv,.csv,17483932
vertical-misalignment/1.40mm/45.8752.csv,45.8752.csv,.csv,17497821
vertical-misalignment/1.40mm/47.7184.csv,47.7184.csv,.csv,17431321
vertical-misalignment/1.40mm/48.5376.csv,48.5376.csv,.csv,17408126
vertical-misalignment/1.40mm/49.7664.csv,49.7664.csv,.csv,17403826
vertical-misalignment/1.40mm/50.5856.csv,50.5856.csv,.csv,17410626
vertical-misalignment/1.40mm/51.2.csv,51.2.csv,.csv,17397693
vertical-misalignment/1.40mm/52.0192.csv,52.0192.csv,.csv,17414329
vertical-misalignment/1.40mm/53.4528.csv,53.4528.csv,.csv,17342431
vertical-misalignment/1.40mm/54.272.csv,54.272.csv,.csv,17329346
vertical-misalignment/1.40mm/55.5008.csv,55.5008.csv,.csv,17309423
vertical-misalignment/1.40mm/56.5248.csv,56.5248.csv,.csv,17319578
vertical-misalignment/1.40mm/57.344.csv,57.344.csv,.csv,17277275
vertical-misalignment/1.40mm/58.368.csv,58.368.csv,.csv,17228349
vertical-misalignment/1.40mm/59.392.csv,59.392.csv,.csv,16944491
vertical-misalignment/1.40mm/60.416.csv,60.416.csv,.csv,16839617
vertical-misalignment/1.40mm/61.2352.csv,61.2352.csv,.csv,17069061
vertical-misalignment/1.78mm/12.4928.csv,12.4928.csv,.csv,17481766
vertical-misalignment/1.78mm/13.312.csv,13.312.csv,.csv,17383989
vertical-misalignment/1.78mm/15.1552.csv,15.1552.csv,.csv,17395895
vertical-misalignment/1.78mm/15.9744.csv,15.9744.csv,.csv,17458458
vertical-misalignment/1.78mm/16.7936.csv,16.7936.csv,.csv,17566909
vertical-misalignment/1.78mm/17.408.csv,17.408.csv,.csv,17548883
vertical-misalignment/1.78mm/18.432.csv,18.432.csv,.csv,17358065
vertical-misalignment/1.78mm/19.2512.csv,19.2512.csv,.csv,17578562
vertical-misalignment/1.78mm/20.48.csv,20.48.csv,.csv,17589929
vertical-misalignment/1.78mm/21.7088.csv,21.7088.csv,.csv,17568029
vertical-misalignment/1.78mm/22.528.csv,22.528.csv,.csv,17574921
vertical-misalignment/1.78mm/23.9616.csv,23.9616.csv,.csv,17373853
vertical-misalignment/1.78mm/24.7808.csv,24.7808.csv,.csv,17590923
vertical-misalignment/1.78mm/25.8048.csv,25.8048.csv,.csv,17572346
vertical-misalignment/1.78mm/26.624.csv,26.624.csv,.csv,17351953
vertical-misalignment/1.78mm/27.4432.csv,27.4432.csv,.csv,17530835
vertical-misalignment/1.78mm/28.4672.csv,28.4672.csv,.csv,17484121
vertical-misalignment/1.78mm/29.4912.csv,29.4912.csv,.csv,17307060
vertical-misalignment/1.78mm/30.5152.csv,30.5152.csv,.csv,17208332
vertical-misalignment/1.78mm/31.3344.csv,31.3344.csv,.csv,17482728
vertical-misalignment/1.78mm/32.768.csv,32.768.csv,.csv,17541653
vertical-misalignment/1.78mm/33.1776.csv,33.1776.csv,.csv,17584294
vertical-misalignment/1.78mm/34.816.csv,34.816.csv,.csv,17577061
vertical-misalignment/1.78mm/36.2496.csv,36.2496.csv,.csv,17563013
vertical-misalignment/1.78mm/36.6592.csv,36.6592.csv,.csv,17557519
vertical-misalignment/1.78mm/37.2736.csv,37.2736.csv,.csv,17563072
vertical-misalignment/1.78mm/38.0928.csv,38.0928.csv,.csv,17552911
vertical-misalignment/1.78mm/39.7312.csv,39.7312.csv,.csv,17426509
vertical-misalignment/1.78mm/40.5504.csv,40.5504.csv,.csv,17476833
vertical-misalignment/1.78mm/41.5744.csv,41.5744.csv,.csv,17519863
vertical-misalignment/1.78mm/42.1888.csv,42.1888.csv,.csv,17506950
vertical-misalignment/1.78mm/43.4176.csv,43.4176.csv,.csv,17487838
vertical-misalignment/1.78mm/44.2368.csv,44.2368.csv,.csv,17525190
vertical-misalignment/1.78mm/45.056.csv,45.056.csv,.csv,17490186
vertical-misalignment/1.78mm/46.2848.csv,46.2848.csv,.csv,17451430
vertical-misalignment/1.78mm/47.3088.csv,47.3088.csv,.csv,17447669
vertical-misalignment/1.78mm/48.128.csv,48.128.csv,.csv,17402785
vertical-misalignment/1.78mm/49.3568.csv,49.3568.csv,.csv,17397485
vertical-misalignment/1.78mm/50.3808.csv,50.3808.csv,.csv,17408945
vertical-misalignment/1.78mm/51.8144.csv,51.8144.csv,.csv,17380827
vertical-misalignment/1.78mm/52.224.csv,52.224.csv,.csv,17375565
vertical-misalignment/1.78mm/53.0432.csv,53.0432.csv,.csv,17321327
vertical-misalignment/1.78mm/54.272.csv,54.272.csv,.csv,17214750
vertical-misalignment/1.78mm/55.9104.csv,55.9104.csv,.csv,17327050
vertical-misalignment/1.78mm/56.5248.csv,56.5248.csv,.csv,17305046
vertical-misalignment/1.78mm/57.344.csv,57.344.csv,.csv,17324847
vertical-misalignment/1.78mm/58.5728.csv,58.5728.csv,.csv,17245140
vertical-misalignment/1.78mm/60.0064.csv,60.0064.csv,.csv,17293708
vertical-misalignment/1.78mm/60.6208.csv,60.6208.csv,.csv,17053273
vertical-misalignment/1.78mm/62.0544.csv,62.0544.csv,.csv,17208902
vertical-misalignment/1.90mm/12.0832.csv,12.0832.csv,.csv,17492263
vertical-misalignment/1.90mm/14.5408.csv,14.5408.csv,.csv,17482475
vertical-misalignment/1.90mm/15.1552.csv,15.1552.csv,.csv,17467233
vertical-misalignment/1.90mm/16.1792.csv,16.1792.csv,.csv,17509271
vertical-misalignment/1.90mm/17.408.csv,17.408.csv,.csv,17574330
vertical-misalignment/1.90mm/18.432.csv,18.432.csv,.csv,17420684
vertical-misalignment/1.90mm/18.6368.csv,18.6368.csv,.csv,17525100
vertical-misalignment/1.90mm/19.6608.csv,19.6608.csv,.csv,17518868
vertical-misalignment/1.90mm/20.8896.csv,20.8896.csv,.csv,17605609
vertical-misalignment/1.90mm/22.1184.csv,22.1184.csv,.csv,17605242
vertical-misalignment/1.90mm/22.528.csv,22.528.csv,.csv,17602166
vertical-misalignment/1.90mm/23.552.csv,23.552.csv,.csv,17482630
vertical-misalignment/1.90mm/24.7808.csv,24.7808.csv,.csv,17563579
vertical-misalignment/1.90mm/25.3952.csv,25.3952.csv,.csv,17558044
vertical-misalignment/1.90mm/26.4192.csv,26.4192.csv,.csv,17466115
vertical-misalignment/1.90mm/27.2384.csv,27.2384.csv,.csv,17563707
vertical-misalignment/1.90mm/28.8768.csv,28.8768.csv,.csv,17472784
vertical-misalignment/1.90mm/29.9008.csv,29.9008.csv,.csv,17342911
vertical-misalignment/1.90mm/30.3104.csv,30.3104.csv,.csv,17269250
vertical-misalignment/1.90mm/31.3344.csv,31.3344.csv,.csv,17536393
vertical-misalignment/1.90mm/32.5632.csv,32.5632.csv,.csv,17615610
vertical-misalignment/1.90mm/33.792.csv,33.792.csv,.csv,17615227
vertical-misalignment/1.90mm/34.4064.csv,34.4064.csv,.csv,17590270
vertical-misalignment/1.90mm/35.2256.csv,35.2256.csv,.csv,17606008
vertical-misalignment/1.90mm/36.2496.csv,36.2496.csv,.csv,17604106
vertical-misalignment/1.90mm/37.4784.csv,37.4784.csv,.csv,17614029
vertical-misalignment/1.90mm/38.5024.csv,38.5024.csv,.csv,17609432
vertical-misalignment/1.90mm/39.3216.csv,39.3216.csv,.csv,17555004
vertical-misalignment/1.90mm/40.3456.csv,40.3456.csv,.csv,17476259
vertical-misalignment/1.90mm/40.96.csv,40.96.csv,.csv,17554791
vertical-misalignment/1.90mm/42.1888.csv,42.1888.csv,.csv,17585071
vertical-misalignment/1.90mm/42.8032.csv,42.8032.csv,.csv,17571366
vertical-misalignment/1.90mm/44.2368.csv,44.2368.csv,.csv,17518023
vertical-misalignment/1.90mm/44.8512.csv,44.8512.csv,.csv,17505529
vertical-misalignment/1.90mm/45.8752.csv,45.8752.csv,.csv,17505472
vertical-misalignment/1.90mm/47.104.csv,47.104.csv,.csv,17476454
vertical-misalignment/1.90mm/48.7424.csv,48.7424.csv,.csv,17421334
vertical-misalignment/1.90mm/49.3568.csv,49.3568.csv,.csv,17431754
vertical-misalignment/1.90mm/49.9712.csv,49.9712.csv,.csv,17455009
vertical-misalignment/1.90mm/51.2.csv,51.2.csv,.csv,17422024
vertical-misalignment/1.90mm/52.224.csv,52.224.csv,.csv,17438354
vertical-misalignment/1.90mm/53.248.csv,53.248.csv,.csv,17361765
vertical-misalignment/1.90mm/54.6816.csv,54.6816.csv,.csv,17354862
vertical-misalignment/1.90mm/55.9104.csv,55.9104.csv,.csv,17351222
vertical-misalignment/1.90mm/56.7296.csv,56.7296.csv,.csv,17274173
vertical-misalignment/1.90mm/57.9584.csv,57.9584.csv,.csv,17252783
vertical-misalignment/1.90mm/58.5728.csv,58.5728.csv,.csv,17225036
vertical-misalignment/1.90mm/59.8016.csv,59.8016.csv,.csv,17073464
vertical-misalignment/1.90mm/61.0304.csv,61.0304.csv,.csv,17143002
vertical-misalignment/1.90mm/61.44.csv,61.44.csv,.csv,17193947
